<?xml version="1.0" encoding="UTF-8" standalone="no"?>

<beans xmlns="http://www.springframework.org/schema/beans"
	xmlns:batch="http://www.springframework.org/schema/batch" 
	xmlns:xsi="http://www.w3.org/2001/XMLSchema-instance"
	xmlns:context="http://www.springframework.org/schema/context" 
	xsi:schemaLocation="http://www.springframework.org/schema/batch
						http://www.springframework.org/schema/batch/spring-batch-2.2.xsd
						http://www.springframework.org/schema/beans 
						http://www.springframework.org/schema/beans/spring-beans-3.2.xsd
						http://www.springframework.org/schema/context
						http://www.springframework.org/schema/context/spring-context-3.1.xsd">

	<context:component-scan base-package="kr.ezinsurance.sample" />
	
	<bean id="CM001BEAN" class="kr.ezinsurance.sample.bean.CM001BEAN" scope="step"/>
    <batch:job id="JCM001" restartable="true">
        <batch:step id="BCMAB01B00">
            <batch:tasklet>
                <batch:chunk reader="CM001BEAN"  processor="CM001BEAN" writer="CM001BEAN" commit-interval="1000">
                </batch:chunk>
            </batch:tasklet>
        </batch:step>
    </batch:job>
</beans>
