<?xml version="1.0" encoding="UTF-8"?>
<configuration>
	<property file="${config.dir}/log.properties" />
	
	<property name="LOG_FILE_DIR" value="${log.file.dir:-/logs}" />
	<property name="STD_LOG_PATTERN" value="%d{HH:mm:ss.SSS} [%thread] %-5level %logger{36}.%M\\(%line\\) - %msg%n" />
	
	<appender name="STDOUT" class="ch.qos.logback.core.ConsoleAppender">
    <!-- encoders are assigned the type
         ch.qos.logback.classic.encoder.PatternLayoutEncoder by default -->
    	<encoder>
    		<charset>UTF-8</charset>
      		<pattern>%d{HH:mm:ss.SSS} [%thread] %-5level %logger{36}.%M\(%line\) - %msg%n</pattern>
    	</encoder>
  	</appender>

    <appender name="SWAF" class="ch.qos.logback.core.rolling.RollingFileAppender">
        <file>${LOG_FILE_DIR}/swaf.log</file>
        <rollingPolicy class="ch.qos.logback.core.rolling.SizeAndTimeBasedRollingPolicy">
            <fileNamePattern>${LOG_FILE_DIR}/%d{yyyyMMdd}/swaf.%d{yyyyMMdd}.%i.log</fileNamePattern>
            <maxFileSize>10MB</maxFileSize>
            <maxHistory>${log.preserve:-7}</maxHistory>
            <totalSizeCap>20GB</totalSizeCap>
        </rollingPolicy>
        <encoder>
            <pattern>${STD_LOG_PATTERN}</pattern>
        </encoder>
    </appender>

    <appender name="TX_LOG_FILE" class="ch.qos.logback.core.rolling.RollingFileAppender">
        <file>${LOG_FILE_DIR}/tx/result.log</file>
        <rollingPolicy class="ch.qos.logback.core.rolling.SizeAndTimeBasedRollingPolicy">
            <fileNamePattern>${LOG_FILE_DIR}%d{yyyyMMdd}/tx/result.%d{yyyyMMdd}.%i.log</fileNamePattern>
            <maxFileSize>10MB</maxFileSize>
            <maxHistory>${log.preserve:-7}</maxHistory>
            <totalSizeCap>20GB</totalSizeCap>
        </rollingPolicy>
        <encoder>
            <pattern>%d{HH:mm:ss.SSS} %msg%n</pattern>
        </encoder>
    </appender>
    
    <appender name="SVC" class="ch.qos.logback.classic.sift.SiftingAppender">
 		<discriminator>
    		<key>svcId</key>
			<defaultValue>default</defaultValue>
	   	</discriminator>
    	<sift>
      		<appender name="SVC-${svcId}" class="ch.qos.logback.core.rolling.RollingFileAppender">
				<file>${LOG_FILE_DIR}/service/{svcId}.log</file>
				<rollingPolicy class="ch.qos.logback.core.rolling.SizeAndTimeBasedRollingPolicy">
           			<fileNamePattern>${LOG_FILE_DIR}%d{yyyyMMdd}/service/{svcId}.%d{yyyyMMdd}.%i.log</fileNamePattern>
            		<maxFileSize>10MB</maxFileSize>
            		<maxHistory>${log.preserve:-7}</maxHistory>
            		<totalSizeCap>20GB</totalSizeCap>
        		</rollingPolicy>
        		<encoder>
            		<pattern>${STD_LOG_PATTERN}</pattern>
        		</encoder>
        	</appender>
        </sift>
    </appender>
    
    <turboFilter class="ch.qos.logback.classic.turbo.DynamicThresholdFilter">
    	<Key>swaf.svc.log.level</Key>
     	<DefaultThreshold>DEBUG</DefaultThreshold>
     	<MDCValueLevelPair>
       		<value>DEBUG</value>
       		<level>DEBUG</level>
     	</MDCValueLevelPair>
     	<MDCValueLevelPair>
       		<value>INFO</value>
       		<level>INFO</level>
     	</MDCValueLevelPair>
     	<MDCValueLevelPair>
       		<value>WARN</value>
       		<level>WARN</level>
     	</MDCValueLevelPair>
     	<MDCValueLevelPair>
       		<value>ERROR</value>
       		<level>ERROR</level>
     	</MDCValueLevelPair>
     	<MDCValueLevelPair>
       		<value>OFF</value>
       		<level>OFF</level>
     	</MDCValueLevelPair>
   </turboFilter>
   
    <logger name="org.springframework" level="${spring.log.level}"/>
    <logger name="io.netty.util" level="WARN" />
    
    <logger name="${svc.package:-kr.ezinsurance}" level="DEBUG">
    	<appender-ref ref="SVC" />
    </logger>
    
    <logger name="org.swaf" level="${swaf.log.level}"/>
    
    <logger name="txlog" level="${tx.log.level:-OFF}">
    	<appender-ref ref="TX_LOG_FILE" />
    </logger>
    

    <root level="${root.log.level:-OFF}">
        <appender-ref ref="SWAF"/> 
        <appender-ref ref="STDOUT"/>
    </root>

</configuration>