<?xml version="1.0" encoding="UTF-8"?>
<configuration>
	<property file="${batch.config.dir}/batch.properties" />
	
	<property name="LOG_FILE_DIR" value="${log.file.dir:-/logs}" />
	<property name="STD_LOG_PATTERN" value="%d{HH:mm:ss.SSS} [%thread] %-5level %logger{36}.%M\\(%line\\) - %msg%n" />
	
	<appender name="STDOUT" class="ch.qos.logback.core.ConsoleAppender">
    <!-- encoders are assigned the type
         ch.qos.logback.classic.encoder.PatternLayoutEncoder by default -->
    	<encoder>
      		<pattern>%d{HH:mm:ss.SSS} [%thread] %-5level %logger{36}.%M\(%line\) - %msg%n</pattern>
    	</encoder>
  	</appender>

    <appender name="SWAFBATCH" class="ch.qos.logback.core.rolling.RollingFileAppender">
        <file>${LOG_FILE_DIR}/swaf.log</file>
        <rollingPolicy class="ch.qos.logback.core.rolling.TimeBasedRollingPolicy">
            <fileNamePattern>${LOG_FILE_DIR}%d{yyyyMMdd}/swaf.%d{yyyyMMdd}.%i.log</fileNamePattern>
            <maxFileSize>10MB</maxFileSize>
            <maxHistory>${log.preserve:-7}</maxHistory>
            <totalSizeCap>20GB</totalSizeCap>
        </rollingPolicy>
        <encoder>
            <pattern>${STD_LOG_PATTERN}</pattern>
        </encoder>
    </appender>

    <appender name="TX_LOG_FILE" class="ch.qos.logback.core.rolling.RollingFileAppender">
        <file>${LOG_FILE_DIR}/tx/result.log</file>
        <rollingPolicy class="ch.qos.logback.core.rolling.TimeBasedRollingPolicy">
            <fileNamePattern>${LOG_FILE_DIR}%d{yyyyMMdd}/tx/result.%d{yyyyMMdd}.%i.log</fileNamePattern>
            <maxFileSize>10MB</maxFileSize>
            <maxHistory>${log.preserve:-7}</maxHistory>
            <totalSizeCap>20GB</totalSizeCap>
        </rollingPolicy>
        <encoder>
            <pattern>%d{HH:mm:ss.SSS} %msg%n</pattern>
        </encoder>
    </appender>
    
    <appender name="JOB" class="ch.qos.logback.classic.sift.SiftingAppender">
 		<discriminator>
    		<key>jobId</key>
			<defaultValue>default</defaultValue>
	   	</discriminator>
    	<sift>
      		<appender name="JOB-${jobId}" class="ch.qos.logback.core.rolling.RollingFileAppender">
				<file>${LOG_FILE_DIR}/job/{jobId}.log</file>
				<rollingPolicy class="ch.qos.logback.core.rolling.SizedAndTimeBasedRollingPolicy">
           			<fileNamePattern>${LOG_FILE_DIR}%d{yyyyMMdd}/service/{svcId}.%d{yyyyMMdd}.%i.log</fileNamePattern>
            		<maxFileSize>10MB</maxFileSize>
            		<maxHistory>${log.preserve:-7}</maxHistory>
            		<totalSizeCap>20GB</totalSizeCap>
        		</rollingPolicy>
        		<encoder>
            		<pattern>${STD_LOG_PATTERN}</pattern>
        		</encoder>
        	</appender>
        </sift>
    </appender>
    
    <logger name="org.springframework" level="${spring.log.level}"/>
    <logger name="io.netty.util" level="WARN" />
    
    <logger name="org.swaf" level="${swaf.log.level:-OFF}"/>
    
    <logger name="${job.package:-kr.ezeinsurance}" level="DEBUG">
    	<appender-ref ref="JOB" />
    </logger>
    

    <root level="${root.log.level:-OFF}">
        <appender-ref ref="SWAFBATCH"/> 
        <appender-ref ref="STDOUT"/>
    </root>

</configuration>