<?xml version="1.0" encoding="UTF-8"?>
<!DOCTYPE configuration
    SYSTEM "./mybatis-3-config.dtd">
<configuration>
	<plugins>
    	<plugin interceptor="org.swaf.das.tester.ResultSetPlugin">
    		<property name="MAXCOUNT" value="${maxRows}"/>
    	</plugin>
    </plugins>
    <environments default="test">
        <environment id="test">
            <transactionManager type="JDBC" />
            <dataSource type="UNPOOLED">
				<property name="driver" value="${driver}"/>
				<property name="url" value="${url}"/>
				<property name="username" value="${username}"/>
				<property name="password" value="${password}"/>
            </dataSource>
        </environment>
    </environments>
    <!--
    
    <typeHandlers>
    	<typeHandler handler="klaf.das.typehandler.CLOBHandler" javaType="char[]" jdbcType="CLOB"/>
    </typeHandlers> http://www.mybatis.org/dtd/
     -->

</configuration>